1954/5/1,870.5
1954/5/11,870.5
1954/5/21,870.5
1954/6/1,1119.35
1954/6/11,1119.35
1954/6/21,1119.35
1954/7/1,2921.9
1954/7/11,2921.9
1954/7/21,2921.9
1954/8/1,3814.05
1954/8/11,3814.05
1954/8/21,3814.05
1954/9/1,2071.2
1954/9/11,2071.2
1954/9/21,2071.2
1954/10/1,1948.25
1954/10/11,1948.25
1954/10/21,1948.25
1954/11/1,667
1954/11/11,667
1954/11/21,667
1954/12/1,413.09
1954/12/11,413.09
1954/12/21,413.09
1955/1/1,192.79
1955/1/11,192.79
1955/1/21,192.79
1955/2/1,167.18
1955/2/11,167.18
1955/2/21,167.18
1955/3/1,146.86
1955/3/11,146.86
1955/3/21,146.86
1955/4/1,567.53
1955/4/11,567.53
1955/4/21,567.53
1955/5/1,270.55
1955/5/11,270.55
1955/5/21,270.55
1955/6/1,656.2
1955/6/11,656.2
1955/6/21,656.2
1955/7/1,3450.8
1955/7/11,3450.8
1955/7/21,3450.8
1955/8/1,2719.35
1955/8/11,2719.35
1955/8/21,2719.35
1955/9/1,3122.3
1955/9/11,3122.3
1955/9/21,3122.3
1955/10/1,2341.6
1955/10/11,2341.6
1955/10/21,2341.6
1955/11/1,520.4
1955/11/11,520.4
1955/11/21,520.4
1955/12/1,219.71
1955/12/11,219.71
1955/12/21,219.71
1956/1/1,238.45
1956/1/11,238.45
1956/1/21,238.45
1956/2/1,208.83
1956/2/11,208.83
1956/2/21,208.83
1956/3/1,207.01
1956/3/11,207.01
1956/3/21,207.01
1956/4/1,256.53
1956/4/11,256.53
1956/4/21,256.53
1956/5/1,595.3
1956/5/11,595.3
1956/5/21,595.3
1956/6/1,5800.6
1956/6/11,5800.6
1956/6/21,5800.6
1956/7/1,3489.1
1956/7/11,3489.1
1956/7/21,3489.1
1956/8/1,2857.75
1956/8/11,2857.75
1956/8/21,2857.75
1956/9/1,1931.25
1956/9/11,1931.25
1956/9/21,1931.25
1956/10/1,482.9
1956/10/11,482.9
1956/10/21,482.9
1956/11/1,284.22
1956/11/11,284.22
1956/11/21,284.22
1956/12/1,192.26
1956/12/11,192.26
1956/12/21,192.26
1957/1/1,192.82
1957/1/11,192.82
1957/1/21,192.82
1957/2/1,148.19
1957/2/11,148.19
1957/2/21,148.19
1957/3/1,159.82
1957/3/11,159.82
1957/3/21,159.82
1957/4/1,713.11
1957/4/11,713.11
1957/4/21,713.11
1957/5/1,1105.6
1957/5/11,1105.6
1957/5/21,1105.6
1957/6/1,1355.8
1957/6/11,1355.8
1957/6/21,1355.8
1957/7/1,4068.55
1957/7/11,4068.55
1957/7/21,4068.55
1957/8/1,842.05
1957/8/11,842.05
1957/8/21,842.05
1957/9/1,937.4
1957/9/11,937.4
1957/9/21,937.4
1957/10/1,389.7
1957/10/11,389.7
1957/10/21,389.7
1957/11/1,281.29
1957/11/11,281.29
1957/11/21,281.29
1957/12/1,340.11
1957/12/11,340.11
1957/12/21,340.11
1958/1/1,135.74
1958/1/11,135.74
1958/1/21,135.74
1958/2/1,134.02
1958/2/11,134.02
1958/2/21,134.02
1958/3/1,190.87
1958/3/11,190.87
1958/3/21,190.87
1958/4/1,414.04
1958/4/11,414.04
1958/4/21,414.04
1958/5/1,591.95
1958/5/11,591.95
1958/5/21,591.95
1958/6/1,1219.4
1958/6/11,1219.4
1958/6/21,1219.4
1958/7/1,4336.9
1958/7/11,4336.9
1958/7/21,4336.9
1958/8/1,4562.55
1958/8/11,4562.55
1958/8/21,4562.55
1958/9/1,1010.6
1958/9/11,1010.6
1958/9/21,1010.6
1958/10/1,1580.15
1958/10/11,1580.15
1958/10/21,1580.15
1958/11/1,817.1
1958/11/11,817.1
1958/11/21,817.1
1958/12/1,389.88
1958/12/11,389.88
1958/12/21,389.88
1959/1/1,183.39
1959/1/11,183.39
1959/1/21,183.39
1959/2/1,156.72
1959/2/11,156.72
1959/2/21,156.72
1959/3/1,97.37
1959/3/11,97.37
1959/3/21,97.37
1959/4/1,313.12
1959/4/11,313.12
1959/4/21,313.12
1959/5/1,933.3
1959/5/11,933.3
1959/5/21,933.3
1959/6/1,1014.85
1959/6/11,1014.85
1959/6/21,1014.85
1959/7/1,1813.1
1959/7/11,1813.1
1959/7/21,1813.1
1959/8/1,2368.16
1959/8/11,2368.16
1959/8/21,2368.16
1959/9/1,532.25
1959/9/11,532.25
1959/9/21,532.25
1959/10/1,325.3
1959/10/11,325.3
1959/10/21,325.3
1959/11/1,327.1
1959/11/11,327.1
1959/11/21,327.1
1959/12/1,228.53
1959/12/11,228.53
1959/12/21,228.53
1960/1/1,214.43
1960/1/11,214.43
1960/1/21,214.43
1960/2/1,166.58
1960/2/11,166.58
1960/2/21,166.58
1960/3/1,376.21
1960/3/11,376.21
1960/3/21,376.21
1960/4/1,577.82
1960/4/11,577.82
1960/4/21,577.82
1960/5/1,379.16
1960/5/11,379.16
1960/5/21,379.16
1960/6/1,1126.15
1960/6/11,1126.15
1960/6/21,1126.15
1960/7/1,1429.8
1960/7/11,1429.8
1960/7/21,1429.8
1960/8/1,2108.7
1960/8/11,2108.7
1960/8/21,2108.7
1960/9/1,2036.2
1960/9/11,2036.2
1960/9/21,2036.2
1960/10/1,1571.89
1960/10/11,1571.89
1960/10/21,1571.89
1960/11/1,519.18
1960/11/11,519.18
1960/11/21,519.18
1960/12/1,216.74
1960/12/11,216.74
1960/12/21,216.74
1961/1/1,118.8
1961/1/11,118.8
1961/1/21,118.8
1961/2/1,93.14
1961/2/11,93.14
1961/2/21,93.14
1961/3/1,147.97
1961/3/11,147.97
1961/3/21,147.97
1961/4/1,284.5
1961/4/11,284.5
1961/4/21,284.5
1961/5/1,679.6
1961/5/11,679.6
1961/5/21,679.6
1961/6/1,2900.25
1961/6/11,2900.25
1961/6/21,2900.25
1961/7/1,4142.85
1961/7/11,4142.85
1961/7/21,4142.85
1961/8/1,2562.2
1961/8/11,2562.2
1961/8/21,2562.2
1961/9/1,691.1
1961/9/11,691.1
1961/9/21,691.1
1961/10/1,3192.95
1961/10/11,3192.95
1961/10/21,3192.95
1961/11/1,1382.7
1961/11/11,1382.7
1961/11/21,1382.7
1961/12/1,487.97
1961/12/11,487.97
1961/12/21,487.97
1962/1/1,168.94
1962/1/11,168.94
1962/1/21,168.94
1962/2/1,128.94
1962/2/11,128.94
1962/2/21,128.94
1962/3/1,317.85
1962/3/11,317.85
1962/3/21,317.85
1962/4/1,614.12
1962/4/11,614.12
1962/4/21,614.12
1962/5/1,469.1
1962/5/11,469.1
1962/5/21,469.1
1962/6/1,1097.4
1962/6/11,1097.4
1962/6/21,1097.4
1962/7/1,2486.65
1962/7/11,2486.65
1962/7/21,2486.65
1962/8/1,3386.65
1962/8/11,3386.65
1962/8/21,3386.65
1962/9/1,1313.8
1962/9/11,1313.8
1962/9/21,1313.8
1962/10/1,1754.51
1962/10/11,1754.51
1962/10/21,1754.51
1962/11/1,666.2
1962/11/11,666.2
1962/11/21,666.2
1962/12/1,301.72
1962/12/11,301.72
1962/12/21,301.72
1963/1/1,259.97
1963/1/11,259.97
1963/1/21,259.97
1963/2/1,185.49
1963/2/11,185.49
1963/2/21,185.49
1963/3/1,149.45
1963/3/11,149.45
1963/3/21,149.45
1963/4/1,184.97
1963/4/11,184.97
1963/4/21,184.97
1963/5/1,3454.55
1963/5/11,3454.55
1963/5/21,3454.55
1963/6/1,1563.85
1963/6/11,1563.85
1963/6/21,1563.85
1963/7/1,1926.1
1963/7/11,1926.1
1963/7/21,1926.1
1963/8/1,1837.05
1963/8/11,1837.05
1963/8/21,1837.05
1963/9/1,4929.47
1963/9/11,4929.47
1963/9/21,4929.47
1963/10/1,1272.7
1963/10/11,1272.7
1963/10/21,1272.7
1963/11/1,670.29
1963/11/11,670.29
1963/11/21,670.29
1963/12/1,315.41
1963/12/11,315.41
1963/12/21,315.41
1964/1/1,195.53
1964/1/11,195.53
1964/1/21,195.53
1964/2/1,130.57
1964/2/11,130.57
1964/2/21,130.57
1964/3/1,146.45
1964/3/11,146.45
1964/3/21,146.45
1964/4/1,493.2
1964/4/11,493.2
1964/4/21,493.2
1964/5/1,1564.6
1964/5/11,1564.6
1964/5/21,1564.6
1964/6/1,1142.1
1964/6/11,1142.1
1964/6/21,1142.1
1964/7/1,3012.2
1964/7/11,3012.2
1964/7/21,3012.2
1964/8/1,1279.8
1964/8/11,1279.8
1964/8/21,1279.8
1964/9/1,5739.85
1964/9/11,5739.85
1964/9/21,5739.85
1964/10/1,3098.7
1964/10/11,3098.7
1964/10/21,3098.7
1964/11/1,1000.7
1964/11/11,1000.7
1964/11/21,1000.7
1964/12/1,331.23
1964/12/11,331.23
1964/12/21,331.23
1965/1/1,246.98
1965/1/11,246.98
1965/1/21,246.98
1965/2/1,172.63
1965/2/11,172.63
1965/2/21,172.63
1965/3/1,297.71
1965/3/11,297.71
1965/3/21,297.71
1965/4/1,1435.59
1965/4/11,1435.59
1965/4/21,1435.59
1965/5/1,652.7
1965/5/11,652.7
1965/5/21,652.7
1965/6/1,1061.4
1965/6/11,1061.4
1965/6/21,1061.4
1965/7/1,3781.75
1965/7/11,3781.75
1965/7/21,3781.75
1965/8/1,1630
1965/8/11,1630
1965/8/21,1630
1965/9/1,3005
1965/9/11,3005
1965/9/21,3005
1965/10/1,1180.65
1965/10/11,1180.65
1965/10/21,1180.65
1965/11/1,399.15
1965/11/11,399.15
1965/11/21,399.15
1965/12/1,278.99
1965/12/11,278.99
1965/12/21,278.99
1966/1/1,258.26
1966/1/11,258.26
1966/1/21,258.26
1966/2/1,184.22
1966/2/11,184.22
1966/2/21,184.22
1966/3/1,188.86
1966/3/11,188.86
1966/3/21,188.86
1966/4/1,852.95
1966/4/11,852.95
1966/4/21,852.95
1966/5/1,355.3
1966/5/11,355.3
1966/5/21,355.3
1966/6/1,697.5
1966/6/11,697.5
1966/6/21,697.5
1966/7/1,2275.75
1966/7/11,2275.75
1966/7/21,2275.75
1966/8/1,2502.45
1966/8/11,2502.45
1966/8/21,2502.45
1966/9/1,2856.45
1966/9/11,2856.45
1966/9/21,2856.45
1966/10/1,851.8
1966/10/11,851.8
1966/10/21,851.8
1966/11/1,436.55
1966/11/11,436.55
1966/11/21,436.55
1966/12/1,201.35
1966/12/11,201.35
1966/12/21,201.35
1967/1/1,182
1967/1/11,182
1967/1/21,182
1967/2/1,157.91
1967/2/11,157.91
1967/2/21,157.91
1967/3/1,156.19
1967/3/11,156.19
1967/3/21,156.19
1967/4/1,224.22
1967/4/11,224.22
1967/4/21,224.22
1967/5/1,3136.5
1967/5/11,3136.5
1967/5/21,3136.5
1967/6/1,2115.65
1967/6/11,2115.65
1967/6/21,2115.65
1967/7/1,3489.1
1967/7/11,3489.1
1967/7/21,3489.1
1967/8/1,1724.45
1967/8/11,1724.45
1967/8/21,1724.45
1967/9/1,2359.15
1967/9/11,2359.15
1967/9/21,2359.15
1967/10/1,1366.3
1967/10/11,1366.3
1967/10/21,1366.3
1967/11/1,959
1967/11/11,959
1967/11/21,959
1967/12/1,460.82
1967/12/11,460.82
1967/12/21,460.82
1968/1/1,158.27
1968/1/11,158.27
1968/1/21,158.27
1968/2/1,152.74
1968/2/11,152.74
1968/2/21,152.74
1968/3/1,564.81
1968/3/11,564.81
1968/3/21,564.81
1968/4/1,676.02
1968/4/11,676.02
1968/4/21,676.02
1968/5/1,1053.8
1968/5/11,1053.8
1968/5/21,1053.8
1968/6/1,772.95
1968/6/11,772.95
1968/6/21,772.95
1968/7/1,2549.1
1968/7/11,2549.1
1968/7/21,2549.1
1968/8/1,2312.65
1968/8/11,2312.65
1968/8/21,2312.65
1968/9/1,4825.25
1968/9/11,4825.25
1968/9/21,4825.25
1968/10/1,2061.5
1968/10/11,2061.5
1968/10/21,2061.5
1968/11/1,716.6
1968/11/11,716.6
1968/11/21,716.6
1968/12/1,352.48
1968/12/11,352.48
1968/12/21,352.48
1969/1/1,242.32
1969/1/11,242.32
1969/1/21,242.32
1969/2/1,184.57
1969/2/11,184.57
1969/2/21,184.57
1969/3/1,532.62
1969/3/11,532.62
1969/3/21,532.62
1969/4/1,1260.03
1969/4/11,1260.03
1969/4/21,1260.03
1969/5/1,526.04
1969/5/11,526.04
1969/5/21,526.04
1969/6/1,574.25
1969/6/11,574.25
1969/6/21,574.25
1969/7/1,1254.35
1969/7/11,1254.35
1969/7/21,1254.35
1969/8/1,588.15
1969/8/11,588.15
1969/8/21,588.15
1969/9/1,2587.85
1969/9/11,2587.85
1969/9/21,2587.85
1969/10/1,1460.65
1969/10/11,1460.65
1969/10/21,1460.65
1969/11/1,859.14
1969/11/11,859.14
1969/11/21,859.14
1969/12/1,247.98
1969/12/11,247.98
1969/12/21,247.98
1970/1/1,215.17
1970/1/11,215.17
1970/1/21,215.17
1970/2/1,162.99
1970/2/11,162.99
1970/2/21,162.99
1970/3/1,152.53
1970/3/11,152.53
1970/3/21,152.53
1970/4/1,649.42
1970/4/11,649.42
1970/4/21,649.42
1970/5/1,1015.7
1970/5/11,1015.7
1970/5/21,1015.7
1970/6/1,1731.35
1970/6/11,1731.35
1970/6/21,1731.35
1970/7/1,1266.9
1970/7/11,1266.9
1970/7/21,1266.9
1970/8/1,1712.95
1970/8/11,1712.95
1970/8/21,1712.95
1970/9/1,1675.2
1970/9/11,1675.2
1970/9/21,1675.2
1970/10/1,1632.65
1970/10/11,1632.65
1970/10/21,1632.65
1970/11/1,433.5
1970/11/11,433.5
1970/11/21,433.5
1970/12/1,243.4
1970/12/11,243.4
1970/12/21,243.4
1971/1/1,167.03
1971/1/11,167.03
1971/1/21,167.03
1971/2/1,145.28
1971/2/11,145.28
1971/2/21,145.28
1971/3/1,140.77
1971/3/11,140.77
1971/3/21,140.77
1971/4/1,428.85
1971/4/11,428.85
1971/4/21,428.85
1971/5/1,677.7
1971/5/11,677.7
1971/5/21,677.7
1971/6/1,1824.55
1971/6/11,1824.55
1971/6/21,1824.55
1971/7/1,1477.25
1971/7/11,1477.25
1971/7/21,1477.25
1971/8/1,1563.35
1971/8/11,1563.35
1971/8/21,1563.35
1971/9/1,1055.6
1971/9/11,1055.6
1971/9/21,1055.6
1971/10/1,920.25
1971/10/11,920.25
1971/10/21,920.25
1971/11/1,655.07
1971/11/11,655.07
1971/11/21,655.07
1971/12/1,215.16
1971/12/11,215.16
1971/12/21,215.16
1972/1/1,173.46
1972/1/11,173.46
1972/1/21,173.46
1972/2/1,153.1
1972/2/11,153.1
1972/2/21,153.1
1972/3/1,141.97
1972/3/11,141.97
1972/3/21,141.97
1972/4/1,306.93
1972/4/11,306.93
1972/4/21,306.93
1972/5/1,1228.5
1972/5/11,1228.5
1972/5/21,1228.5
1972/6/1,1270.45
1972/6/11,1270.45
1972/6/21,1270.45
1972/7/1,3007
1972/7/11,3007
1972/7/21,3007
1972/8/1,475.46
1972/8/11,475.46
1972/8/21,475.46
1972/9/1,1058.3
1972/9/11,1058.3
1972/9/21,1058.3
1972/10/1,357.82
1972/10/11,357.82
1972/10/21,357.82
1972/11/1,369.72
1972/11/11,369.72
1972/11/21,369.72
1972/12/1,192.86
1972/12/11,192.86
1972/12/21,192.86
1973/1/1,166.53
1973/1/11,166.53
1973/1/21,166.53
1973/2/1,146.81
1973/2/11,146.81
1973/2/21,146.81
1973/3/1,178.92
1973/3/11,178.92
1973/3/21,178.92
1973/4/1,615.93
1973/4/11,615.93
1973/4/21,615.93
1973/5/1,963.47
1973/5/11,963.47
1973/5/21,963.47
1973/6/1,1417.8
1973/6/11,1417.8
1973/6/21,1417.8
1973/7/1,2212.8
1973/7/11,2212.8
1973/7/21,2212.8
1973/8/1,915.75
1973/8/11,915.75
1973/8/21,915.75
1973/9/1,3770.9
1973/9/11,3770.9
1973/9/21,3770.9
1973/10/1,2757.01
1973/10/11,2757.01
1973/10/21,2757.01
1973/11/1,489.97
1973/11/11,489.97
1973/11/21,489.97
1973/12/1,229.93
1973/12/11,229.93
1973/12/21,229.93
1974/1/1,154.87
1974/1/11,154.87
1974/1/21,154.87
1974/2/1,149.55
1974/2/11,149.55
1974/2/21,149.55
1974/3/1,98.74
1974/3/11,98.74
1974/3/21,98.74
1974/4/1,380.15
1974/4/11,380.15
1974/4/21,380.15
1974/5/1,1178.75
1974/5/11,1178.75
1974/5/21,1178.75
1974/6/1,1001.95
1974/6/11,1001.95
1974/6/21,1001.95
1974/7/1,1839.4
1974/7/11,1839.4
1974/7/21,1839.4
1974/8/1,2508.6
1974/8/11,2508.6
1974/8/21,2508.6
1974/9/1,3719.9
1974/9/11,3719.9
1974/9/21,3719.9
1974/10/1,2013.05
1974/10/11,2013.05
1974/10/21,2013.05
1974/11/1,570.14
1974/11/11,570.14
1974/11/21,570.14
1974/12/1,297.77
1974/12/11,297.77
1974/12/21,297.77
1975/1/1,157.57
1975/1/11,157.57
1975/1/21,157.57
1975/2/1,135.25
1975/2/11,135.25
1975/2/21,135.25
1975/3/1,138.6
1975/3/11,138.6
1975/3/21,138.6
1975/4/1,309.31
1975/4/11,309.31
1975/4/21,309.31
1975/5/1,854.6
1975/5/11,854.6
1975/5/21,854.6
1975/6/1,1837.75
1975/6/11,1837.75
1975/6/21,1837.75
1975/7/1,2635.3
1975/7/11,2635.3
1975/7/21,2635.3
1975/8/1,1011.15
1975/8/11,1011.15
1975/8/21,1011.15
1975/9/1,2972.85
1975/9/11,2972.85
1975/9/21,2972.85
1975/10/1,4401.7
1975/10/11,4401.7
1975/10/21,4401.7
1975/11/1,917.7
1975/11/11,917.7
1975/11/21,917.7
1975/12/1,392.56
1975/12/11,392.56
1975/12/21,392.56
1976/1/1,211.61
1976/1/11,211.61
1976/1/21,211.61
1976/2/1,166.55
1976/2/11,166.55
1976/2/21,166.55
1976/3/1,172.18
1976/3/11,172.18
1976/3/21,172.18
1976/4/1,300.09
1976/4/11,300.09
1976/4/21,300.09
1976/5/1,862.4
1976/5/11,862.4
1976/5/21,862.4
1976/6/1,1948.2
1976/6/11,1948.2
1976/6/21,1948.2
1976/7/1,1375
1976/7/11,1375
1976/7/21,1375
1976/8/1,2634.75
1976/8/11,2634.75
1976/8/21,2634.75
1976/9/1,1470.1
1976/9/11,1470.1
1976/9/21,1470.1
1976/10/1,1209.95
1976/10/11,1209.95
1976/10/21,1209.95
1976/11/1,615.31
1976/11/11,615.31
1976/11/21,615.31
1976/12/1,263.86
1976/12/11,263.86
1976/12/21,263.86
1977/1/1,222.24
1977/1/11,222.24
1977/1/21,222.24
1977/2/1,188.3
1977/2/11,188.3
1977/2/21,188.3
1977/3/1,241.43
1977/3/11,241.43
1977/3/21,241.43
1977/4/1,417.25
1977/4/11,417.25
1977/4/21,417.25
1977/5/1,835.62
1977/5/11,835.62
1977/5/21,835.62
1977/6/1,966.35
1977/6/11,966.35
1977/6/21,966.35
1977/7/1,3146.35
1977/7/11,3146.35
1977/7/21,3146.35
1977/8/1,1326.15
1977/8/11,1326.15
1977/8/21,1326.15
1977/9/1,828.3
1977/9/11,828.3
1977/9/21,828.3
1977/10/1,322.1
1977/10/11,322.1
1977/10/21,322.1
1977/11/1,529.4
1977/11/11,529.4
1977/11/21,529.4
1977/12/1,205.19
1977/12/11,205.19
1977/12/21,205.19
1978/1/1,202.85
1978/1/11,202.85
1978/1/21,202.85
1978/2/1,168.97
1978/2/11,168.97
1978/2/21,168.97
1978/3/1,222.36
1978/3/11,222.36
1978/3/21,222.36
1978/4/1,776.74
1978/4/11,776.74
1978/4/21,776.74
1978/5/1,421.6
1978/5/11,421.6
1978/5/21,421.6
1978/6/1,1115.9
1978/6/11,1115.9
1978/6/21,1115.9
1978/7/1,2950.4
1978/7/11,2950.4
1978/7/21,2950.4
1978/8/1,955.95
1978/8/11,955.95
1978/8/21,955.95
1978/9/1,1872.75
1978/9/11,1872.75
1978/9/21,1872.75
1978/10/1,471.1
1978/10/11,471.1
1978/10/21,471.1
1978/11/1,302.3
1978/11/11,302.3
1978/11/21,302.3
1978/12/1,164.8
1978/12/11,164.8
1978/12/21,164.8
1979/1/1,159.73
1979/1/11,159.73
1979/1/21,159.73
1979/2/1,139.99
1979/2/11,139.99
1979/2/21,139.99
1979/3/1,137.64
1979/3/11,137.64
1979/3/21,137.64
1979/4/1,199.58
1979/4/11,199.58
1979/4/21,199.58
1979/5/1,402.13
1979/5/11,402.13
1979/5/21,402.13
1979/6/1,930.85
1979/6/11,930.85
1979/6/21,930.85
1979/7/1,1899.65
1979/7/11,1899.65
1979/7/21,1899.65
1979/8/1,1531.35
1979/8/11,1531.35
1979/8/21,1531.35
1979/9/1,2893.75
1979/9/11,2893.75
1979/9/21,2893.75
1979/10/1,835.3
1979/10/11,835.3
1979/10/21,835.3
1979/11/1,267.2
1979/11/11,267.2
1979/11/21,267.2
1979/12/1,166.38
1979/12/11,166.38
1979/12/21,166.38
1980/1/1,132.35
1980/1/11,132.35
1980/1/21,132.35
1980/2/1,111.44
1980/2/11,111.44
1980/2/21,111.44
1980/3/1,116.48
1980/3/11,116.48
1980/3/21,116.48
1980/4/1,215.16
1980/4/11,215.16
1980/4/21,215.16
1980/5/1,659.85
1980/5/11,659.85
1980/5/21,659.85
1980/6/1,2022.45
1980/6/11,2022.45
1980/6/21,2022.45
1980/7/1,2701.65
1980/7/11,2701.65
1980/7/21,2701.65
1980/8/1,3121.35
1980/8/11,3121.35
1980/8/21,3121.35
1980/9/1,2015.3
1980/9/11,2015.3
1980/9/21,2015.3
1980/10/1,1330.35
1980/10/11,1330.35
1980/10/21,1330.35
1980/11/1,555.71
1980/11/11,555.71
1980/11/21,555.71
1980/12/1,272.69
1980/12/11,272.69
1980/12/21,272.69
1981/1/1,139.83
1981/1/11,139.83
1981/1/21,139.83
1981/2/1,115.25
1981/2/11,115.25
1981/2/21,115.25
1981/3/1,157.42
1981/3/11,157.42
1981/3/21,157.42
1981/4/1,210.11
1981/4/11,210.11
1981/4/21,210.11
1981/5/1,376.4
1981/5/11,376.4
1981/5/21,376.4
1981/6/1,1195.5
1981/6/11,1195.5
1981/6/21,1195.5
1981/7/1,5283.45
1981/7/11,5283.45
1981/7/21,5283.45
1981/8/1,5498.2
1981/8/11,5498.2
1981/8/21,5498.2
1981/9/1,4617.95
1981/9/11,4617.95
1981/9/21,4617.95
1981/10/1,1369.5
1981/10/11,1369.5
1981/10/21,1369.5
1981/11/1,430.99
1981/11/11,430.99
1981/11/21,430.99
1981/12/1,242.24
1981/12/11,242.24
1981/12/21,242.24
1982/1/1,156.28
1982/1/11,156.28
1982/1/21,156.28
1982/2/1,139.44
1982/2/11,139.44
1982/2/21,139.44
1982/3/1,152.64
1982/3/11,152.64
1982/3/21,152.64
1982/4/1,523.39
1982/4/11,523.39
1982/4/21,523.39
1982/5/1,636.4
1982/5/11,636.4
1982/5/21,636.4
1982/6/1,1014.9
1982/6/11,1014.9
1982/6/21,1014.9
1982/7/1,3809
1982/7/11,3809
1982/7/21,3809
1982/8/1,1212.85
1982/8/11,1212.85
1982/8/21,1212.85
1982/9/1,3772.5
1982/9/11,3772.5
1982/9/21,3772.5
1982/10/1,1499.45
1982/10/11,1499.45
1982/10/21,1499.45
1982/11/1,923.93
1982/11/11,923.93
1982/11/21,923.93
1982/12/1,336.81
1982/12/11,336.81
1982/12/21,336.81
1983/1/1,195.32
1983/1/11,195.32
1983/1/21,195.32
1983/2/1,174.29
1983/2/11,174.29
1983/2/21,174.29
1983/3/1,227.55
1983/3/11,227.55
1983/3/21,227.55
1983/4/1,370.43
1983/4/11,370.43
1983/4/21,370.43
1983/5/1,1889.6
1983/5/11,1889.6
1983/5/21,1889.6
1983/6/1,2643.75
1983/6/11,2643.75
1983/6/21,2643.75
1983/7/1,2616.5
1983/7/11,2616.5
1983/7/21,2616.5
1983/8/1,5140.85
1983/8/11,5140.85
1983/8/21,5140.85
1983/9/1,3749.3
1983/9/11,3749.3
1983/9/21,3749.3
1983/10/1,2819.4
1983/10/11,2819.4
1983/10/21,2819.4
1983/11/1,833.4
1983/11/11,833.4
1983/11/21,833.4
1983/12/1,326.74
1983/12/11,326.74
1983/12/21,326.74
1984/1/1,232.9
1984/1/11,232.9
1984/1/21,232.9
1984/2/1,183.9
1984/2/11,183.9
1984/2/21,183.9
1984/3/1,158.27
1984/3/11,158.27
1984/3/21,158.27
1984/4/1,489.15
1984/4/11,489.15
1984/4/21,489.15
1984/5/1,826.45
1984/5/11,826.45
1984/5/21,826.45
1984/6/1,2343.2
1984/6/11,2343.2
1984/6/21,2343.2
1984/7/1,4913.05
1984/7/11,4913.05
1984/7/21,4913.05
1984/8/1,2351.05
1984/8/11,2351.05
1984/8/21,2351.05
1984/9/1,2964.8
1984/9/11,2964.8
1984/9/21,2964.8
1984/10/1,1350.15
1984/10/11,1350.15
1984/10/21,1350.15
1984/11/1,380.84
1984/11/11,380.84
1984/11/21,380.84
1984/12/1,242.28
1984/12/11,242.28
1984/12/21,242.28
1985/1/1,224.62
1985/1/11,224.62
1985/1/21,224.62
1985/2/1,165.53
1985/2/11,165.53
1985/2/21,165.53
1985/3/1,168.43
1985/3/11,168.43
1985/3/21,168.43
1985/4/1,278.7
1985/4/11,278.7
1985/4/21,278.7
1985/5/1,1443.77
1985/5/11,1443.77
1985/5/21,1443.77
1985/6/1,1256.55
1985/6/11,1256.55
1985/6/21,1256.55
1985/7/1,2669
1985/7/11,2669
1985/7/21,2669
1985/8/1,1252.35
1985/8/11,1252.35
1985/8/21,1252.35
1985/9/1,3571.95
1985/9/11,3571.95
1985/9/21,3571.95
1985/10/1,1057.78
1985/10/11,1057.78
1985/10/21,1057.78
1985/11/1,592.61
1985/11/11,592.61
1985/11/21,592.61
1985/12/1,215.81
1985/12/11,215.81
1985/12/21,215.81
1986/1/1,182.4
1986/1/11,182.4
1986/1/21,182.4
1986/2/1,157
1986/2/11,157
1986/2/21,157
1986/3/1,201.67
1986/3/11,201.67
1986/3/21,201.67
1986/4/1,491.59
1986/4/11,491.59
1986/4/21,491.59
1986/5/1,1054.77
1986/5/11,1054.77
1986/5/21,1054.77
1986/6/1,1944.45
1986/6/11,1944.45
1986/6/21,1944.45
1986/7/1,1696.6
1986/7/11,1696.6
1986/7/21,1696.6
1986/8/1,753.7
1986/8/11,753.7
1986/8/21,753.7
1986/9/1,1155.3
1986/9/11,1155.3
1986/9/21,1155.3
1986/10/1,455
1986/10/11,455
1986/10/21,455
1986/11/1,353.26
1986/11/11,353.26
1986/11/21,353.26
1986/12/1,270.2
1986/12/11,270.2
1986/12/21,270.2
1987/1/1,165.88
1987/1/11,165.88
1987/1/21,165.88
1987/2/1,158.09
1987/2/11,158.09
1987/2/21,158.09
1987/3/1,242.54
1987/3/11,242.54
1987/3/21,242.54
1987/4/1,409.46
1987/4/11,409.46
1987/4/21,409.46
1987/5/1,468.81
1987/5/11,468.81
1987/5/21,468.81
1987/6/1,1515.9
1987/6/11,1515.9
1987/6/21,1515.9
1987/7/1,4078.1
1987/7/11,4078.1
1987/7/21,4078.1
1987/8/1,2719.9
1987/8/11,2719.9
1987/8/21,2719.9
1987/9/1,1503.7
1987/9/11,1503.7
1987/9/21,1503.7
1987/10/1,488
1987/10/11,488
1987/10/21,488
1987/11/1,422.48
1987/11/11,422.48
1987/11/21,422.48
1987/12/1,232.37
1987/12/11,232.37
1987/12/21,232.37
1988/1/1,176.97
1988/1/11,176.97
1988/1/21,176.97
1988/2/1,147.46
1988/2/11,147.46
1988/2/21,147.46
1988/3/1,146.54
1988/3/11,146.54
1988/3/21,146.54
1988/4/1,254.4
1988/4/11,254.4
1988/4/21,254.4
1988/5/1,474.14
1988/5/11,474.14
1988/5/21,474.14
1988/6/1,637.9
1988/6/11,637.9
1988/6/21,637.9
1988/7/1,3154.4
1988/7/11,3154.4
1988/7/21,3154.4
1988/8/1,2885.45
1988/8/11,2885.45
1988/8/21,2885.45
1988/9/1,1620.1
1988/9/11,1620.1
1988/9/21,1620.1
1988/10/1,1603.55
1988/10/11,1603.55
1988/10/21,1603.55
1988/11/1,504.35
1988/11/11,504.35
1988/11/21,504.35
1988/12/1,206.59
1988/12/11,206.59
1988/12/21,206.59
1989/1/1,168.61
1989/1/11,168.61
1989/1/21,168.61
1989/2/1,157.04
1989/2/11,157.04
1989/2/21,157.04
1989/3/1,170.15
1989/3/11,170.15
1989/3/21,170.15
1989/4/1,270.44
1989/4/11,270.44
1989/4/21,270.44
1989/5/1,974.63
1989/5/11,974.63
1989/5/21,974.63
1989/6/1,2256.45
1989/6/11,2256.45
1989/6/21,2256.45
1989/7/1,4174.3
1989/7/11,4174.3
1989/7/21,4174.3
1989/8/1,2106.75
1989/8/11,2106.75
1989/8/21,2106.75
1989/9/1,2848.25
1989/9/11,2848.25
1989/9/21,2848.25
1989/10/1,948.35
1989/10/11,948.35
1989/10/21,948.35
1989/11/1,546.4
1989/11/11,546.4
1989/11/21,546.4
1989/12/1,280.66
1989/12/11,280.66
1989/12/21,280.66
1990/1/1,258.99
1990/1/11,258.99
1990/1/21,258.99
1990/2/1,201.61
1990/2/11,201.61
1990/2/21,201.61
1990/3/1,308.85
1990/3/11,308.85
1990/3/21,308.85
1990/4/1,815.36
1990/4/11,815.36
1990/4/21,815.36
1990/5/1,1505.87
1990/5/11,1505.87
1990/5/21,1505.87
1990/6/1,1424.05
1990/6/11,1424.05
1990/6/21,1424.05
1990/7/1,3332.5
1990/7/11,3332.5
1990/7/21,3332.5
1990/8/1,2077
1990/8/11,2077
1990/8/21,2077
1990/9/1,1418.32
1990/9/11,1418.32
1990/9/21,1418.32
1990/10/1,859.8
1990/10/11,859.8
1990/10/21,859.8
1990/11/1,481.22
1990/11/11,481.22
1990/11/21,481.22
1990/12/1,248.76
1990/12/11,248.76
1990/12/21,248.76
1991/1/1,249.53
1991/1/11,249.53
1991/1/21,249.53
1991/2/1,246.65
1991/2/11,246.65
1991/2/21,246.65
1991/3/1,381.52
1991/3/11,381.52
1991/3/21,381.52
1991/4/1,457.58
1991/4/11,457.58
1991/4/21,457.58
1991/5/1,661.65
1991/5/11,661.65
1991/5/21,661.65
1991/6/1,2735.55
1991/6/11,2735.55
1991/6/21,2735.55
1991/7/1,1867.5
1991/7/11,1867.5
1991/7/21,1867.5
1991/8/1,1619.85
1991/8/11,1619.85
1991/8/21,1619.85
1991/9/1,730.4
1991/9/11,730.4
1991/9/21,730.4
1991/10/1,552.1
1991/10/11,552.1
1991/10/21,552.1
1991/11/1,279.47
1991/11/11,279.47
1991/11/21,279.47
1991/12/1,171.14
1991/12/11,171.14
1991/12/21,171.14
1992/1/1,183.25
1992/1/11,183.25
1992/1/21,183.25
1992/2/1,144.45
1992/2/11,144.45
1992/2/21,144.45
1992/3/1,165.61
1992/3/11,165.61
1992/3/21,165.61
1992/4/1,286.25
1992/4/11,286.25
1992/4/21,286.25
1992/5/1,1368.5
1992/5/11,1368.5
1992/5/21,1368.5
1992/6/1,1850.7
1992/6/11,1850.7
1992/6/21,1850.7
1992/7/1,3515.35
1992/7/11,3515.35
1992/7/21,3515.35
1992/8/1,2116.05
1992/8/11,2116.05
1992/8/21,2116.05
1992/9/1,1278.02
1992/9/11,1278.02
1992/9/21,1278.02
1992/10/1,1569.25
1992/10/11,1569.25
1992/10/21,1569.25
1992/11/1,410.88
1992/11/11,410.88
1992/11/21,410.88
1992/12/1,196.76
1992/12/11,196.76
1992/12/21,196.76
1993/1/1,143.39
1993/1/11,143.39
1993/1/21,143.39
1993/2/1,107.56
1993/2/11,107.56
1993/2/21,107.56
1993/3/1,239.4
1993/3/11,239.4
1993/3/21,239.4
1993/4/1,541.58
1993/4/11,541.58
1993/4/21,541.58
1993/5/1,877.36
1993/5/11,877.36
1993/5/21,877.36
1993/6/1,1720.25
1993/6/11,1720.25
1993/6/21,1720.25
1993/7/1,2707.75
1993/7/11,2707.75
1993/7/21,2707.75
1993/8/1,4288.05
1993/8/11,4288.05
1993/8/21,4288.05
1993/9/1,1273.55
1993/9/11,1273.55
1993/9/21,1273.55
1993/10/1,891.75
1993/10/11,891.75
1993/10/21,891.75
1993/11/1,922.67
1993/11/11,922.67
1993/11/21,922.67
1993/12/1,318.99
1993/12/11,318.99
1993/12/21,318.99
1994/1/1,154.6
1994/1/11,154.6
1994/1/21,154.6
1994/2/1,148.82
1994/2/11,148.82
1994/2/21,148.82
1994/3/1,267.6
1994/3/11,267.6
1994/3/21,267.6
1994/4/1,471.71
1994/4/11,471.71
1994/4/21,471.71
1994/5/1,514.71
1994/5/11,514.71
1994/5/21,514.71
1994/6/1,1245.25
1994/6/11,1245.25
1994/6/21,1245.25
1994/7/1,1745.55
1994/7/11,1745.55
1994/7/21,1745.55
1994/8/1,365.9
1994/8/11,365.9
1994/8/21,365.9
1994/9/1,979.15
1994/9/11,979.15
1994/9/21,979.15
1994/10/1,982.7
1994/10/11,982.7
1994/10/21,982.7
1994/11/1,1092.36
1994/11/11,1092.36
1994/11/21,1092.36
1994/12/1,519.61
1994/12/11,519.61
1994/12/21,519.61
1995/1/1,228.48
1995/1/11,228.48
1995/1/21,228.48
1995/2/1,170.67
1995/2/11,170.67
1995/2/21,170.67
1995/3/1,216.84
1995/3/11,216.84
1995/3/21,216.84
1995/4/1,706.64
1995/4/11,706.64
1995/4/21,706.64
1995/5/1,252.65
1995/5/11,252.65
1995/5/21,252.65
1995/6/1,1141
1995/6/11,1141
1995/6/21,1141
1995/7/1,1326.35
1995/7/11,1326.35
1995/7/21,1326.35
1995/8/1,1868.25
1995/8/11,1868.25
1995/8/21,1868.25
1995/9/1,1350.6
1995/9/11,1350.6
1995/9/21,1350.6
1995/10/1,1172.75
1995/10/11,1172.75
1995/10/21,1172.75
1995/11/1,375.51
1995/11/11,375.51
1995/11/21,375.51
1995/12/1,217.14
1995/12/11,217.14
1995/12/21,217.14
1996/1/1,291.12
1996/1/11,291.12
1996/1/21,291.12
1996/2/1,179.5
1996/2/11,179.5
1996/2/21,179.5
1996/3/1,169.3
1996/3/11,169.3
1996/3/21,169.3
1996/4/1,231
1996/4/11,231
1996/4/21,231
1996/5/1,780.8
1996/5/11,780.8
1996/5/21,780.8
1996/6/1,1234.95
1996/6/11,1234.95
1996/6/21,1234.95
1996/7/1,1241.75
1996/7/11,1241.75
1996/7/21,1241.75
1996/8/1,1035.05
1996/8/11,1035.05
1996/8/21,1035.05
1996/9/1,810.85
1996/9/11,810.85
1996/9/21,810.85
1996/10/1,448.16
1996/10/11,448.16
1996/10/21,448.16
1996/11/1,723.88
1996/11/11,723.88
1996/11/21,723.88
1996/12/1,189.7
1996/12/11,189.7
1996/12/21,189.7
1997/1/1,194.62
1997/1/11,194.62
1997/1/21,194.62
1997/2/1,177.45
1997/2/11,177.45
1997/2/21,177.45
1997/3/1,253.79
1997/3/11,253.79
1997/3/21,253.79
1997/4/1,386.95
1997/4/11,386.95
1997/4/21,386.95
1997/5/1,614.55
1997/5/11,614.55
1997/5/21,614.55
1997/6/1,810.65
1997/6/11,810.65
1997/6/21,810.65
1997/7/1,1521.6
1997/7/11,1521.6
1997/7/21,1521.6
1997/8/1,713
1997/8/11,713
1997/8/21,713
1997/9/1,252.7
1997/9/11,252.7
1997/9/21,252.7
1997/10/1,208.9
1997/10/11,208.9
1997/10/21,208.9
1997/11/1,156.12
1997/11/11,156.12
1997/11/21,156.12
1997/12/1,134.32
1997/12/11,134.32
1997/12/21,134.32
1998/1/1,150.5
1998/1/11,150.5
1998/1/21,150.5
1998/2/1,145.95
1998/2/11,145.95
1998/2/21,145.95
1998/3/1,366.8
1998/3/11,366.8
1998/3/21,366.8
1998/4/1,487.04
1998/4/11,487.04
1998/4/21,487.04
