1954/5/1,103
1954/5/11,103
1954/5/21,103
1954/6/1,353
1954/6/11,353
1954/6/21,353
1954/7/1,938
1954/7/11,938
1954/7/21,938
1954/8/1,636
1954/8/11,636
1954/8/21,636
1954/9/1,252
1954/9/11,252
1954/9/21,252
1954/10/1,205
1954/10/11,205
1954/10/21,205
1954/11/1,103
1954/11/11,103
1954/11/21,103
1954/12/1,60.9
1954/12/11,60.9
1954/12/21,60.9
1955/1/1,52.4
1955/1/11,52.4
1955/1/21,52.4
1955/2/1,54.8
1955/2/11,54.8
1955/2/21,54.8
1955/3/1,33.1
1955/3/11,33.1
1955/3/21,33.1
1955/4/1,37.8
1955/4/11,37.8
1955/4/21,37.8
1955/5/1,115
1955/5/11,115
1955/5/21,115
1955/6/1,710
1955/6/11,710
1955/6/21,710
1955/7/1,232
1955/7/11,232
1955/7/21,232
1955/8/1,194
1955/8/11,194
1955/8/21,194
1955/9/1,148
1955/9/11,148
1955/9/21,148
1955/10/1,118
1955/10/11,118
1955/10/21,118
1955/11/1,287
1955/11/11,287
1955/11/21,287
1955/12/1,74.1
1955/12/11,74.1
1955/12/21,74.1
1956/1/1,47
1956/1/11,47
1956/1/21,47
1956/2/1,42.3
1956/2/11,42.3
1956/2/21,42.3
1956/3/1,40.6
1956/3/11,40.6
1956/3/21,40.6
1956/4/1,35.3
1956/4/11,35.3
1956/4/21,35.3
1956/5/1,321
1956/5/11,321
1956/5/21,321
1956/6/1,168
1956/6/11,168
1956/6/21,168
1956/7/1,252
1956/7/11,252
1956/7/21,252
1956/8/1,478
1956/8/11,478
1956/8/21,478
1956/9/1,277
1956/9/11,277
1956/9/21,277
1956/10/1,132
1956/10/11,132
1956/10/21,132
1956/11/1,92.2
1956/11/11,92.2
1956/11/21,92.2
1956/12/1,58.1
1956/12/11,58.1
1956/12/21,58.1
1957/1/1,85.7
1957/1/11,85.7
1957/1/21,85.7
1957/2/1,68.4
1957/2/11,68.4
1957/2/21,68.4
1957/3/1,74.7
1957/3/11,74.7
1957/3/21,74.7
1957/4/1,63.6
1957/4/11,63.6
1957/4/21,63.6
1957/5/1,100
1957/5/11,100
1957/5/21,100
1957/6/1,446
1957/6/11,446
1957/6/21,446
1957/7/1,695
1957/7/11,695
1957/7/21,695
1957/8/1,286
1957/8/11,286
1957/8/21,286
1957/9/1,134
1957/9/11,134
1957/9/21,134
1957/10/1,212
1957/10/11,212
1957/10/21,212
1957/11/1,90.4
1957/11/11,90.4
1957/11/21,90.4
1957/12/1,73.6
1957/12/11,73.6
1957/12/21,73.6
1958/1/1,48.4
1958/1/11,48.4
1958/1/21,48.4
1958/2/1,64.2
1958/2/11,64.2
1958/2/21,64.2
1958/3/1,44.2
1958/3/11,44.2
1958/3/21,44.2
1958/4/1,37.4
1958/4/11,37.4
1958/4/21,37.4
1958/5/1,45.5
1958/5/11,45.5
1958/5/21,45.5
1958/6/1,182
1958/6/11,182
1958/6/21,182
1958/7/1,128
1958/7/11,128
1958/7/21,128
1958/8/1,201
1958/8/11,201
1958/8/21,201
1958/9/1,261
1958/9/11,261
1958/9/21,261
1958/10/1,154
1958/10/11,154
1958/10/21,154
1958/11/1,64
1958/11/11,64
1958/11/21,64
1958/12/1,48.8
1958/12/11,48.8
1958/12/21,48.8
1959/1/1,40.9
1959/1/11,40.9
1959/1/21,40.9
1959/2/1,38.2
1959/2/11,38.2
1959/2/21,38.2
1959/3/1,49.7
1959/3/11,49.7
1959/3/21,49.7
1959/4/1,40.2
1959/4/11,40.2
1959/4/21,40.2
1959/5/1,192
1959/5/11,192
1959/5/21,192
1959/6/1,441
1959/6/11,441
1959/6/21,441
1959/7/1,355
1959/7/11,355
1959/7/21,355
1959/8/1,97.6
1959/8/11,97.6
1959/8/21,97.6
1959/9/1,114
1959/9/11,114
1959/9/21,114
1959/10/1,140
1959/10/11,140
1959/10/21,140
1959/11/1,64.5
1959/11/11,64.5
1959/11/21,64.5
1959/12/1,46.8
1959/12/11,46.8
1959/12/21,46.8
1960/1/1,37.8
1960/1/11,37.8
1960/1/21,37.8
1960/2/1,43.3
1960/2/11,43.3
1960/2/21,43.3
1960/3/1,33.1
1960/3/11,33.1
1960/3/21,33.1
1960/4/1,30.7
1960/4/11,30.7
1960/4/21,30.7
1960/5/1,51.6
1960/5/11,51.6
1960/5/21,51.6
1960/6/1,223
1960/6/11,223
1960/6/21,223
1960/7/1,559
1960/7/11,559
1960/7/21,559
1960/8/1,275
1960/8/11,275
1960/8/21,275
1960/9/1,177
1960/9/11,177
1960/9/21,177
1960/10/1,71.4
1960/10/11,71.4
1960/10/21,71.4
1960/11/1,54.8
1960/11/11,54.8
1960/11/21,54.8
1960/12/1,44.4
1960/12/11,44.4
1960/12/21,44.4
1961/1/1,49.5
1961/1/11,49.5
1961/1/21,49.5
1961/2/1,45.9
1961/2/11,45.9
1961/2/21,45.9
1961/3/1,55.2
1961/3/11,55.2
1961/3/21,55.2
1961/4/1,150
1961/4/11,150
1961/4/21,150
1961/5/1,130
1961/5/11,130
1961/5/21,130
1961/6/1,155
1961/6/11,155
1961/6/21,155
1961/7/1,261
1961/7/11,261
1961/7/21,261
1961/8/1,399
1961/8/11,399
1961/8/21,399
1961/9/1,256
1961/9/11,256
1961/9/21,256
1961/10/1,277
1961/10/11,277
1961/10/21,277
1961/11/1,165
1961/11/11,165
1961/11/21,165
1961/12/1,89.2
1961/12/11,89.2
1961/12/21,89.2
1962/1/1,66.9
1962/1/11,66.9
1962/1/21,66.9
1962/2/1,68.4
1962/2/11,68.4
1962/2/21,68.4
1962/3/1,43.5
1962/3/11,43.5
1962/3/21,43.5
1962/4/1,63.7
1962/4/11,63.7
1962/4/21,63.7
1962/5/1,93
1962/5/11,93
1962/5/21,93
1962/6/1,194
1962/6/11,194
1962/6/21,194
1962/7/1,254
1962/7/11,254
1962/7/21,254
1962/8/1,245
1962/8/11,245
1962/8/21,245
1962/9/1,103
1962/9/11,103
1962/9/21,103
1962/10/1,82.6
1962/10/11,82.6
1962/10/21,82.6
1962/11/1,95
1962/11/11,95
1962/11/21,95
1962/12/1,58.2
1962/12/11,58.2
1962/12/21,58.2
1963/1/1,36.7
1963/1/11,36.7
1963/1/21,36.7
1963/2/1,34.4
1963/2/11,34.4
1963/2/21,34.4
1963/3/1,31.5
1963/3/11,31.5
1963/3/21,31.5
1963/4/1,23.7
1963/4/11,23.7
1963/4/21,23.7
1963/5/1,143
1963/5/11,143
1963/5/21,143
1963/6/1,123
1963/6/11,123
1963/6/21,123
1963/7/1,330
1963/7/11,330
1963/7/21,330
1963/8/1,171
1963/8/11,171
1963/8/21,171
1963/9/1,86.2
1963/9/11,86.2
1963/9/21,86.2
1963/10/1,143
1963/10/11,143
1963/10/21,143
1963/11/1,80.9
1963/11/11,80.9
1963/11/21,80.9
1963/12/1,57.6
1963/12/11,57.6
1963/12/21,57.6
1964/1/1,46.8
1964/1/11,46.8
1964/1/21,46.8
1964/2/1,51.7
1964/2/11,51.7
1964/2/21,51.7
1964/3/1,45.5
1964/3/11,45.5
1964/3/21,45.5
1964/4/1,114
1964/4/11,114
1964/4/21,114
1964/5/1,180
1964/5/11,180
1964/5/21,180
1964/6/1,564
1964/6/11,564
1964/6/21,564
1964/7/1,279
1964/7/11,279
1964/7/21,279
1964/8/1,280
1964/8/11,280
1964/8/21,280
1964/9/1,270
1964/9/11,270
1964/9/21,270
1964/10/1,198
1964/10/11,198
1964/10/21,198
1964/11/1,140
1964/11/11,140
1964/11/21,140
1964/12/1,72.8
1964/12/11,72.8
1964/12/21,72.8
1965/1/1,55.3
1965/1/11,55.3
1965/1/21,55.3
1965/2/1,43.3
1965/2/11,43.3
1965/2/21,43.3
1965/3/1,51.1
1965/3/11,51.1
1965/3/21,51.1
1965/4/1,77.9
1965/4/11,77.9
1965/4/21,77.9
1965/5/1,147
1965/5/11,147
1965/5/21,147
1965/6/1,417
1965/6/11,417
1965/6/21,417
1965/7/1,302
1965/7/11,302
1965/7/21,302
1965/8/1,229
1965/8/11,229
1965/8/21,229
1965/9/1,207
1965/9/11,207
1965/9/21,207
1965/10/1,229
1965/10/11,229
1965/10/21,229
1965/11/1,103
1965/11/11,103
1965/11/21,103
1965/12/1,61.9
1965/12/11,61.9
1965/12/21,61.9
1966/1/1,47.1
1966/1/11,47.1
1966/1/21,47.1
1966/2/1,38.2
1966/2/11,38.2
1966/2/21,38.2
1966/3/1,29.6
1966/3/11,29.6
1966/3/21,29.6
1966/4/1,32
1966/4/11,32
1966/4/21,32
1966/5/1,121
1966/5/11,121
1966/5/21,121
1966/6/1,188
1966/6/11,188
1966/6/21,188
1966/7/1,290
1966/7/11,290
1966/7/21,290
1966/8/1,115
1966/8/11,115
1966/8/21,115
1966/9/1,91
1966/9/11,91
1966/9/21,91
1966/10/1,114
1966/10/11,114
1966/10/21,114
1966/11/1,53.5
1966/11/11,53.5
1966/11/21,53.5
1966/12/1,44.5
1966/12/11,44.5
1966/12/21,44.5
1967/1/1,43.5
1967/1/11,43.5
1967/1/21,43.5
1967/2/1,50.1
1967/2/11,50.1
1967/2/21,50.1
1967/3/1,43.9
1967/3/11,43.9
1967/3/21,43.9
1967/4/1,58.7
1967/4/11,58.7
1967/4/21,58.7
1967/5/1,114
1967/5/11,114
1967/5/21,114
1967/6/1,614
1967/6/11,614
1967/6/21,614
1967/7/1,285
1967/7/11,285
1967/7/21,285
1967/8/1,310
1967/8/11,310
1967/8/21,310
1967/9/1,233
1967/9/11,233
1967/9/21,233
1967/10/1,199
1967/10/11,199
1967/10/21,199
1967/11/1,108
1967/11/11,108
1967/11/21,108
1967/12/1,92.7
1967/12/11,92.7
1967/12/21,92.7
1968/1/1,64.7
1968/1/11,64.7
1968/1/21,64.7
1968/2/1,64.4
1968/2/11,64.4
1968/2/21,64.4
1968/3/1,82.1
1968/3/11,82.1
1968/3/21,82.1
1968/4/1,77.7
1968/4/11,77.7
1968/4/21,77.7
1968/5/1,187
1968/5/11,187
1968/5/21,187
1968/6/1,332
1968/6/11,332
1968/6/21,332
1968/7/1,510
1968/7/11,510
1968/7/21,510
1968/8/1,417
1968/8/11,417
1968/8/21,417
1968/9/1,364
1968/9/11,364
1968/9/21,364
1968/10/1,221
1968/10/11,221
1968/10/21,221
1968/11/1,104
1968/11/11,104
1968/11/21,104
1968/12/1,59.8
1968/12/11,59.8
1968/12/21,59.8
1969/1/1,47.2
1969/1/11,47.2
1969/1/21,47.2
1969/2/1,36.2
1969/2/11,36.2
1969/2/21,36.2
1969/3/1,35.2
1969/3/11,35.2
1969/3/21,35.2
1969/4/1,32.8
1969/4/11,32.8
1969/4/21,32.8
1969/5/1,68.4
1969/5/11,68.4
1969/5/21,68.4
1969/6/1,248
1969/6/11,248
1969/6/21,248
1969/7/1,405
1969/7/11,405
1969/7/21,405
1969/8/1,277
1969/8/11,277
1969/8/21,277
1969/9/1,210
1969/9/11,210
1969/9/21,210
1969/10/1,70
1969/10/11,70
1969/10/21,70
1969/11/1,93.9
1969/11/11,93.9
1969/11/21,93.9
1969/12/1,54.3
1969/12/11,54.3
1969/12/21,54.3
1970/1/1,45.2
1970/1/11,45.2
1970/1/21,45.2
1970/2/1,45.9
1970/2/11,45.9
1970/2/21,45.9
1970/3/1,40.3
1970/3/11,40.3
1970/3/21,40.3
1970/4/1,86.7
1970/4/11,86.7
1970/4/21,86.7
1970/5/1,136
1970/5/11,136
1970/5/21,136
1970/6/1,126
1970/6/11,126
1970/6/21,126
1970/7/1,558
1970/7/11,558
1970/7/21,558
1970/8/1,140
1970/8/11,140
1970/8/21,140
1970/9/1,307
1970/9/11,307
1970/9/21,307
1970/10/1,239
1970/10/11,239
1970/10/21,239
1970/11/1,100
1970/11/11,100
1970/11/21,100
1970/12/1,102
1970/12/11,102
1970/12/21,102
1971/1/1,69.8
1971/1/11,69.8
1971/1/21,69.8
1971/2/1,83.3
1971/2/11,83.3
1971/2/21,83.3
1971/3/1,49.2
1971/3/11,49.2
1971/3/21,49.2
1971/4/1,103
1971/4/11,103
1971/4/21,103
1971/5/1,265
1971/5/11,265
1971/5/21,265
1971/6/1,398
1971/6/11,398
1971/6/21,398
1971/7/1,192
1971/7/11,192
1971/7/21,192
1971/8/1,272
1971/8/11,272
1971/8/21,272
1971/9/1,271
1971/9/11,271
1971/9/21,271
1971/10/1,155
1971/10/11,155
1971/10/21,155
1971/11/1,93.7
1971/11/11,93.7
1971/11/21,93.7
1971/12/1,56.1
1971/12/11,56.1
1971/12/21,56.1
1972/1/1,51.6
1972/1/11,51.6
1972/1/21,51.6
1972/2/1,40.5
1972/2/11,40.5
1972/2/21,40.5
1972/3/1,33.7
1972/3/11,33.7
1972/3/21,33.7
1972/4/1,38.8
1972/4/11,38.8
1972/4/21,38.8
1972/5/1,284
1972/5/11,284
1972/5/21,284
1972/6/1,192
1972/6/11,192
1972/6/21,192
1972/7/1,139
1972/7/11,139
1972/7/21,139
1972/8/1,85.1
1972/8/11,85.1
1972/8/21,85.1
1972/9/1,221
1972/9/11,221
1972/9/21,221
1972/10/1,85.7
1972/10/11,85.7
1972/10/21,85.7
1972/11/1,94.7
1972/11/11,94.7
1972/11/21,94.7
1972/12/1,53.1
1972/12/11,53.1
1972/12/21,53.1
1973/1/1,59.3
1973/1/11,59.3
1973/1/21,59.3
1973/2/1,49.1
1973/2/11,49.1
1973/2/21,49.1
1973/3/1,34.7
1973/3/11,34.7
1973/3/21,34.7
1973/4/1,43.3
1973/4/11,43.3
1973/4/21,43.3
1973/5/1,70.2
1973/5/11,70.2
1973/5/21,70.2
1973/6/1,318
1973/6/11,318
1973/6/21,318
1973/7/1,227
1973/7/11,227
1973/7/21,227
1973/8/1,143
1973/8/11,143
1973/8/21,143
1973/9/1,254
1973/9/11,254
1973/9/21,254
1973/10/1,97.6
1973/10/11,97.6
1973/10/21,97.6
1973/11/1,92.7
1973/11/11,92.7
1973/11/21,92.7
1973/12/1,60.8
1973/12/11,60.8
1973/12/21,60.8
1974/1/1,47.2
1974/1/11,47.2
1974/1/21,47.2
1974/2/1,43.5
1974/2/11,43.5
1974/2/21,43.5
1974/3/1,41.4
1974/3/11,41.4
1974/3/21,41.4
1974/4/1,122
1974/4/11,122
1974/4/21,122
1974/5/1,221
1974/5/11,221
1974/5/21,221
1974/6/1,158
1974/6/11,158
1974/6/21,158
1974/7/1,310
1974/7/11,310
1974/7/21,310
1974/8/1,600
1974/8/11,600
1974/8/21,600
1974/9/1,294
1974/9/11,294
1974/9/21,294
1974/10/1,138
1974/10/11,138
1974/10/21,138
1974/11/1,69.4
1974/11/11,69.4
1974/11/21,69.4
1974/12/1,62.7
1974/12/11,62.7
1974/12/21,62.7
1975/1/1,74.2
1975/1/11,74.2
1975/1/21,74.2
1975/2/1,65.5
1975/2/11,65.5
1975/2/21,65.5
1975/3/1,55
1975/3/11,55
1975/3/21,55
1975/4/1,62.6
1975/4/11,62.6
1975/4/21,62.6
1975/5/1,120
1975/5/11,120
1975/5/21,120
1975/6/1,145
1975/6/11,145
1975/6/21,145
1975/7/1,272
1975/7/11,272
1975/7/21,272
1975/8/1,217
1975/8/11,217
1975/8/21,217
1975/9/1,265
1975/9/11,265
1975/9/21,265
1975/10/1,138
1975/10/11,138
1975/10/21,138
1975/11/1,135
1975/11/11,135
1975/11/21,135
1975/12/1,70.1
1975/12/11,70.1
1975/12/21,70.1
1976/1/1,53.6
1976/1/11,53.6
1976/1/21,53.6
1976/2/1,54
1976/2/11,54
1976/2/21,54
1976/3/1,55.3
1976/3/11,55.3
1976/3/21,55.3
1976/4/1,74.9
1976/4/11,74.9
1976/4/21,74.9
1976/5/1,231
1976/5/11,231
1976/5/21,231
1976/6/1,452
1976/6/11,452
1976/6/21,452
1976/7/1,539
1976/7/11,539
1976/7/21,539
1976/8/1,118
1976/8/11,118
1976/8/21,118
1976/9/1,126
1976/9/11,126
1976/9/21,126
1976/10/1,192
1976/10/11,192
1976/10/21,192
1976/11/1,81.1
1976/11/11,81.1
1976/11/21,81.1
1976/12/1,70.1
1976/12/11,70.1
1976/12/21,70.1
1977/1/1,71.9
1977/1/11,71.9
1977/1/21,71.9
1977/2/1,101
1977/2/11,101
1977/2/21,101
1977/3/1,60.3
1977/3/11,60.3
1977/3/21,60.3
1977/4/1,130
1977/4/11,130
1977/4/21,130
1977/5/1,95.2
1977/5/11,95.2
1977/5/21,95.2
1977/6/1,396
1977/6/11,396
1977/6/21,396
1977/7/1,383
1977/7/11,383
1977/7/21,383
1977/8/1,287
1977/8/11,287
1977/8/21,287
1977/9/1,209
1977/9/11,209
1977/9/21,209
1977/10/1,196
1977/10/11,196
1977/10/21,196
1977/11/1,113
1977/11/11,113
1977/11/21,113
1977/12/1,66.4
1977/12/11,66.4
1977/12/21,66.4
1978/1/1,48.5
1978/1/11,48.5
1978/1/21,48.5
1978/2/1,39.7
1978/2/11,39.7
1978/2/21,39.7
1978/3/1,34.6
1978/3/11,34.6
1978/3/21,34.6
1978/4/1,39.9
1978/4/11,39.9
1978/4/21,39.9
1978/5/1,212
1978/5/11,212
1978/5/21,212
1978/6/1,533
1978/6/11,533
1978/6/21,533
1978/7/1,178
1978/7/11,178
1978/7/21,178
1978/8/1,215
1978/8/11,215
1978/8/21,215
1978/9/1,99
1978/9/11,99
1978/9/21,99
1978/10/1,102
1978/10/11,102
1978/10/21,102
1978/11/1,80.5
1978/11/11,80.5
1978/11/21,80.5
1978/12/1,64
1978/12/11,64
1978/12/21,64
1979/1/1,40.8
1979/1/11,40.8
1979/1/21,40.8
1979/2/1,35.9
1979/2/11,35.9
1979/2/21,35.9
1979/3/1,28.9
1979/3/11,28.9
1979/3/21,28.9
1979/4/1,26.8
1979/4/11,26.8
1979/4/21,26.8
1979/5/1,33.8
1979/5/11,33.8
1979/5/21,33.8
1979/6/1,118
1979/6/11,118
1979/6/21,118
1979/7/1,181
1979/7/11,181
1979/7/21,181
1979/8/1,579
1979/8/11,579
1979/8/21,579
1979/9/1,486
1979/9/11,486
1979/9/21,486
1979/10/1,147
1979/10/11,147
1979/10/21,147
1979/11/1,76
1979/11/11,76
1979/11/21,76
1979/12/1,63.3
1979/12/11,63.3
1979/12/21,63.3
1980/1/1,47.5
1980/1/11,47.5
1980/1/21,47.5
1980/2/1,58.4
1980/2/11,58.4
1980/2/21,58.4
1980/3/1,42.8
1980/3/11,42.8
1980/3/21,42.8
1980/4/1,39.6
1980/4/11,39.6
1980/4/21,39.6
1980/5/1,191
1980/5/11,191
1980/5/21,191
1980/6/1,419
1980/6/11,419
1980/6/21,419
1980/7/1,336
1980/7/11,336
1980/7/21,336
1980/8/1,309
1980/8/11,309
1980/8/21,309
1980/9/1,133
1980/9/11,133
1980/9/21,133
1980/10/1,241
1980/10/11,241
1980/10/21,241
1980/11/1,90.1
1980/11/11,90.1
1980/11/21,90.1
1980/12/1,59.4
1980/12/11,59.4
1980/12/21,59.4
1981/1/1,56.3
1981/1/11,56.3
1981/1/21,56.3
1981/2/1,47
1981/2/11,47
1981/2/21,47
1981/3/1,39.7
1981/3/11,39.7
1981/3/21,39.7
1981/4/1,44.1
1981/4/11,44.1
1981/4/21,44.1
1981/5/1,90
1981/5/11,90
1981/5/21,90
1981/6/1,262
1981/6/11,262
1981/6/21,262
1981/7/1,172
1981/7/11,172
1981/7/21,172
1981/8/1,114
1981/8/11,114
1981/8/21,114
1981/9/1,216
1981/9/11,216
1981/9/21,216
1981/10/1,121
1981/10/11,121
1981/10/21,121
1981/11/1,80.4
1981/11/11,80.4
1981/11/21,80.4
1981/12/1,68.4
1981/12/11,68.4
1981/12/21,68.4
1982/1/1,55.8
1982/1/11,55.8
1982/1/21,55.8
1982/2/1,63.4
1982/2/11,63.4
1982/2/21,63.4
1982/3/1,46.9
1982/3/11,46.9
1982/3/21,46.9
1982/4/1,85.9
1982/4/11,85.9
1982/4/21,85.9
1982/5/1,182
1982/5/11,182
1982/5/21,182
1982/6/1,403
1982/6/11,403
1982/6/21,403
1982/7/1,195
1982/7/11,195
1982/7/21,195
1982/8/1,298
1982/8/11,298
1982/8/21,298
1982/9/1,325
1982/9/11,325
1982/9/21,325
1982/10/1,172
1982/10/11,172
1982/10/21,172
1982/11/1,87.3
1982/11/11,87.3
1982/11/21,87.3
1982/12/1,62.6
1982/12/11,62.6
1982/12/21,62.6
1983/1/1,61.2
1983/1/11,61.2
1983/1/21,61.2
1983/2/1,65.4
1983/2/11,65.4
1983/2/21,65.4
1983/3/1,114
1983/3/11,114
1983/3/21,114
1983/4/1,85.3
1983/4/11,85.3
1983/4/21,85.3
1983/5/1,240
1983/5/11,240
1983/5/21,240
1983/6/1,230
1983/6/11,230
1983/6/21,230
1983/7/1,469
1983/7/11,469
1983/7/21,469
1983/8/1,374
1983/8/11,374
1983/8/21,374
1983/9/1,533
1983/9/11,533
1983/9/21,533
1983/10/1,166
1983/10/11,166
1983/10/21,166
1983/11/1,117
1983/11/11,117
1983/11/21,117
1983/12/1,66.4
1983/12/11,66.4
1983/12/21,66.4
1984/1/1,57.5
1984/1/11,57.5
1984/1/21,57.5
1984/2/1,79
1984/2/11,79
1984/2/21,79
1984/3/1,75.7
1984/3/11,75.7
1984/3/21,75.7
1984/4/1,112
1984/4/11,112
1984/4/21,112
1984/5/1,405
1984/5/11,405
1984/5/21,405
1984/6/1,178
1984/6/11,178
1984/6/21,178
1984/7/1,263
1984/7/11,263
1984/7/21,263
1984/8/1,273
1984/8/11,273
1984/8/21,273
1984/9/1,168
1984/9/11,168
1984/9/21,168
1984/10/1,109
1984/10/11,109
1984/10/21,109
1984/11/1,51.9
1984/11/11,51.9
1984/11/21,51.9
1984/12/1,41.3
1984/12/11,41.3
1984/12/21,41.3
1985/1/1,46.2
1985/1/11,46.2
1985/1/21,46.2
1985/2/1,38.3
1985/2/11,38.3
1985/2/21,38.3
1985/3/1,45.3
1985/3/11,45.3
1985/3/21,45.3
1985/4/1,92
1985/4/11,92
1985/4/21,92
1985/5/1,88.2
1985/5/11,88.2
1985/5/21,88.2
1985/6/1,482
1985/6/11,482
1985/6/21,482
1985/7/1,444
1985/7/11,444
1985/7/21,444
1985/8/1,154
1985/8/11,154
1985/8/21,154
1985/9/1,206
1985/9/11,206
1985/9/21,206
1985/10/1,83.8
1985/10/11,83.8
1985/10/21,83.8
1985/11/1,74.1
1985/11/11,74.1
1985/11/21,74.1
1985/12/1,46.1
1985/12/11,46.1
1985/12/21,46.1
1986/1/1,36.5
1986/1/11,36.5
1986/1/21,36.5
1986/2/1,41
1986/2/11,41
1986/2/21,41
1986/3/1,42.2
1986/3/11,42.2
1986/3/21,42.2
1986/4/1,48.4
1986/4/11,48.4
1986/4/21,48.4
1986/5/1,81.2
1986/5/11,81.2
1986/5/21,81.2
1986/6/1,277
1986/6/11,277
1986/6/21,277
1986/7/1,466
1986/7/11,466
1986/7/21,466
1986/8/1,255
1986/8/11,255
1986/8/21,255
1986/9/1,223
1986/9/11,223
1986/9/21,223
1986/10/1,194
1986/10/11,194
1986/10/21,194
1986/11/1,95.1
1986/11/11,95.1
1986/11/21,95.1
1986/12/1,67.5
1986/12/11,67.5
1986/12/21,67.5
1987/1/1,47.3
1987/1/11,47.3
1987/1/21,47.3
1987/2/1,40.9
1987/2/11,40.9
1987/2/21,40.9
1987/3/1,32.9
1987/3/11,32.9
1987/3/21,32.9
1987/4/1,35.6
1987/4/11,35.6
1987/4/21,35.6
1987/5/1,46.1
1987/5/11,46.1
1987/5/21,46.1
1987/6/1,243
1987/6/11,243
1987/6/21,243
1987/7/1,301
1987/7/11,301
1987/7/21,301
1987/8/1,117
1987/8/11,117
1987/8/21,117
1987/9/1,154
1987/9/11,154
1987/9/21,154
1987/10/1,172
1987/10/11,172
1987/10/21,172
1987/11/1,66.8
1987/11/11,66.8
1987/11/21,66.8
1987/12/1,46.7
1987/12/11,46.7
1987/12/21,46.7
1988/1/1,37.2
1988/1/11,37.2
1988/1/21,37.2
1988/2/1,39.1
1988/2/11,39.1
1988/2/21,39.1
1988/3/1,46.4
1988/3/11,46.4
1988/3/21,46.4
1988/4/1,58
1988/4/11,58
1988/4/21,58
1988/5/1,44.4
1988/5/11,44.4
1988/5/21,44.4
1988/6/1,186
1988/6/11,186
1988/6/21,186
1988/7/1,172
1988/7/11,172
1988/7/21,172
1988/8/1,315
1988/8/11,315
1988/8/21,315
1988/9/1,306
1988/9/11,306
1988/9/21,306
1988/10/1,168
1988/10/11,168
1988/10/21,168
1988/11/1,71.5
1988/11/11,71.5
1988/11/21,71.5
1988/12/1,47.4
1988/12/11,47.4
1988/12/21,47.4
1989/1/1,36.1
1989/1/11,36.1
1989/1/21,36.1
1989/2/1,41.4
1989/2/11,41.4
1989/2/21,41.4
1989/3/1,62.5
1989/3/11,62.5
1989/3/21,62.5
1989/4/1,58.9
1989/4/11,58.9
1989/4/21,58.9
1989/5/1,55.3
1989/5/11,55.3
1989/5/21,55.3
1989/6/1,262
1989/6/11,262
1989/6/21,262
1989/7/1,152
1989/7/11,152
1989/7/21,152
1989/8/1,118
1989/8/11,118
1989/8/21,118
1989/9/1,108
1989/9/11,108
1989/9/21,108
1989/10/1,106
1989/10/11,106
1989/10/21,106
1989/11/1,52
1989/11/11,52
1989/11/21,52
1989/12/1,40.1
1989/12/11,40.1
1989/12/21,40.1
1990/1/1,37.9
1990/1/11,37.9
1990/1/21,37.9
1990/2/1,36.1
1990/2/11,36.1
1990/2/21,36.1
1990/3/1,52.5
1990/3/11,52.5
1990/3/21,52.5
1990/4/1,41.1
1990/4/11,41.1
1990/4/21,41.1
1990/5/1,87.7
1990/5/11,87.7
1990/5/21,87.7
1990/6/1,243
1990/6/11,243
1990/6/21,243
1990/7/1,149
1990/7/11,149
1990/7/21,149
1990/8/1,95.5
1990/8/11,95.5
1990/8/21,95.5
1990/9/1,64.7
1990/9/11,64.7
1990/9/21,64.7
1990/10/1,139
1990/10/11,139
1990/10/21,139
1990/11/1,60.2
1990/11/11,60.2
1990/11/21,60.2
1990/12/1,45.6
1990/12/11,45.6
1990/12/21,45.6
1991/1/1,47.8
1991/1/11,47.8
1991/1/21,47.8
1991/2/1,52
1991/2/11,52
1991/2/21,52
1991/3/1,36.7
1991/3/11,36.7
1991/3/21,36.7
1991/4/1,32.8
1991/4/11,32.8
1991/4/21,32.8
1991/5/1,44
1991/5/11,44
1991/5/21,44
1991/6/1,70
1991/6/11,70
1991/6/21,70
1991/7/1,371
1991/7/11,371
1991/7/21,371
1991/8/1,386
1991/8/11,386
1991/8/21,386
1991/9/1,110
1991/9/11,110
1991/9/21,110
1991/10/1,142
1991/10/11,142
1991/10/21,142
1991/11/1,88.7
1991/11/11,88.7
1991/11/21,88.7
1991/12/1,55.9
1991/12/11,55.9
1991/12/21,55.9
1992/1/1,50.5
1992/1/11,50.5
1992/1/21,50.5
1992/2/1,64
1992/2/11,64
1992/2/21,64
1992/3/1,72.1
1992/3/11,72.1
1992/3/21,72.1
1992/4/1,228
1992/4/11,228
1992/4/21,228
1992/5/1,177
1992/5/11,177
1992/5/21,177
1992/6/1,390
1992/6/11,390
1992/6/21,390
1992/7/1,278
1992/7/11,278
1992/7/21,278
1992/8/1,101
1992/8/11,101
1992/8/21,101
1992/9/1,75.2
1992/9/11,75.2
1992/9/21,75.2
1992/10/1,155
1992/10/11,155
1992/10/21,155
1992/11/1,71.8
1992/11/11,71.8
1992/11/21,71.8
1992/12/1,42.6
1992/12/11,42.6
1992/12/21,42.6
1993/1/1,36.9
1993/1/11,36.9
1993/1/21,36.9
1993/2/1,36.1
1993/2/11,36.1
1993/2/21,36.1
1993/3/1,34.5
1993/3/11,34.5
1993/3/21,34.5
1993/4/1,42.3
1993/4/11,42.3
1993/4/21,42.3
1993/5/1,72.6
1993/5/11,72.6
1993/5/21,72.6
1993/6/1,125
1993/6/11,125
1993/6/21,125
1993/7/1,177
1993/7/11,177
1993/7/21,177
1993/8/1,371
1993/8/11,371
1993/8/21,371
1993/9/1,289
1993/9/11,289
1993/9/21,289
1993/10/1,112
1993/10/11,112
1993/10/21,112
1993/11/1,74.7
1993/11/11,74.7
1993/11/21,74.7
1993/12/1,49.4
1993/12/11,49.4
1993/12/21,49.4
1994/1/1,39
1994/1/11,39
1994/1/21,39
1994/2/1,36.2
1994/2/11,36.2
1994/2/21,36.2
1994/3/1,47
1994/3/11,47
1994/3/21,47
1994/4/1,58.6
1994/4/11,58.6
1994/4/21,58.6
1994/5/1,81.6
1994/5/11,81.6
1994/5/21,81.6
1994/6/1,259
1994/6/11,259
1994/6/21,259
1994/7/1,147
1994/7/11,147
1994/7/21,147
1994/8/1,139
1994/8/11,139
1994/8/21,139
1994/9/1,183
1994/9/11,183
1994/9/21,183
1994/10/1,257
1994/10/11,257
1994/10/21,257
1994/11/1,83.1
1994/11/11,83.1
1994/11/21,83.1
1994/12/1,64.6
1994/12/11,64.6
1994/12/21,64.6
1995/1/1,68.3
1995/1/11,68.3
1995/1/21,68.3
1995/2/1,78.7
1995/2/11,78.7
1995/2/21,78.7
1995/3/1,78.4
1995/3/11,78.4
1995/3/21,78.4
1995/4/1,53.9
1995/4/11,53.9
1995/4/21,53.9
1995/5/1,79
1995/5/11,79
1995/5/21,79
1995/6/1,333
1995/6/11,333
1995/6/21,333
1995/7/1,443
1995/7/11,443
1995/7/21,443
1995/8/1,307
1995/8/11,307
1995/8/21,307
1995/9/1,306
1995/9/11,306
1995/9/21,306
1995/10/1,205
1995/10/11,205
1995/10/21,205
1995/11/1,92.1
1995/11/11,92.1
1995/11/21,92.1
1995/12/1,75.9
1995/12/11,75.9
1995/12/21,75.9
1996/1/1,62.2
1996/1/11,62.2
1996/1/21,62.2
1996/2/1,62.5
1996/2/11,62.5
1996/2/21,62.5
1996/3/1,54
1996/3/11,54
1996/3/21,54
1996/4/1,110
1996/4/11,110
1996/4/21,110
1996/5/1,295
1996/5/11,295
1996/5/21,295
1996/6/1,387
1996/6/11,387
1996/6/21,387
1996/7/1,433
1996/7/11,433
1996/7/21,433
1996/8/1,258
1996/8/11,258
1996/8/21,258
1996/9/1,183
1996/9/11,183
1996/9/21,183
1996/10/1,87.1
1996/10/11,87.1
1996/10/21,87.1
1996/11/1,77.8
1996/11/11,77.8
1996/11/21,77.8
1996/12/1,60
1996/12/11,60
1996/12/21,60
1997/1/1,43.2
1997/1/11,43.2
1997/1/21,43.2
1997/2/1,53
1997/2/11,53
1997/2/21,53
1997/3/1,46.4
1997/3/11,46.4
1997/3/21,46.4
1997/4/1,113
1997/4/11,113
1997/4/21,113
1997/5/1,123
1997/5/11,123
1997/5/21,123
1997/6/1,181
1997/6/11,181
1997/6/21,181
1997/7/1,619
1997/7/11,619
1997/7/21,619
1997/8/1,145
1997/8/11,145
1997/8/21,145
1997/9/1,272
1997/9/11,272
1997/9/21,272
1997/10/1,263
1997/10/11,263
1997/10/21,263
1997/11/1,81.7
1997/11/11,81.7
1997/11/21,81.7
1997/12/1,56.2
1997/12/11,56.2
1997/12/21,56.2
1998/1/1,47.5
1998/1/11,47.5
1998/1/21,47.5
1998/2/1,51.5
1998/2/11,51.5
1998/2/21,51.5
1998/3/1,43.5
1998/3/11,43.5
1998/3/21,43.5
1998/4/1,30.4
1998/4/11,30.4
1998/4/21,30.4
